n,d,t
1000,388,0.01772076199646108
1000,573,0.02413515400025062
1000,41,0.001050102001754567
1000,538,0.023155516000697388
1000,203,0.008761446002172307
1000,571,0.028048690002178772
1000,948,0.058629798006732015
1000,823,0.04956584999919869
1000,918,0.05437847800087184
1000,800,0.047446270001819356
1000,322,0.014655089996522293
1000,87,0.0036703159974422308
1000,109,0.004554867997067049
1000,792,0.04860693800612353
1000,730,0.04168695400119759
1000,459,0.019747513999463992
1000,37,0.0010308580019045622
1000,460,0.02180813599843532
1000,844,0.05108057000674307
1000,296,0.013489107998320832
1000,603,0.02590581199270673
1000,46,0.0020164959994144736
1000,591,0.026939421995775772
1000,297,0.01334341200417839
1000,698,0.03601763199898414
1000,563,0.024786444001365454
1000,396,0.017082050000317393
1000,663,0.03149742599576712
1000,328,0.015111264000879601
1000,141,0.00610133400070481
1000,696,0.03612004399532452
1000,845,0.050795282003236936
1000,288,0.0131104060029611
1000,432,0.018944226002786307
1000,810,0.04742652399931103
1000,245,0.016006760000018404
1000,908,0.057977537998231125
1000,861,0.05974400800419971
1000,94,0.0052827619970776145
1000,507,0.02327382999821566
1000,713,0.03433521000551991
1000,787,0.04641724800108932
1000,503,0.021938783997902646
1000,912,0.0559622160019353
1000,732,0.03890867799753323
1000,246,0.010648715998977423
1000,969,0.05892937600263395
1000,887,0.053144293994409966
1000,224,0.01037019599461928
1000,80,0.003029045998118818
1000,981,0.06080260799615644
1000,545,0.024369775999803098
1000,909,0.055421744000632316
1000,301,0.014106779999565333
1000,929,0.05583383399411104
1000,38,0.0012206639943178742
1000,171,0.009492567999986932
1000,941,0.05873784200055525
1000,673,0.033467848000582306
1000,429,0.019792807996273042
1000,307,0.014023934002034366
1000,146,0.005501539997057989
1000,400,0.01792647799709812
1000,614,0.02648500199895352
1000,963,0.06034193400293589
1000,961,0.05932201400632039
1000,633,0.028590355998603628
1000,362,0.016393805999541655
1000,357,0.01552075799787417
1000,512,0.022188711998751387
1000,500,0.021911490000784396
1000,794,0.050189633995760236
1000,684,0.036846652003005145
1000,78,0.0034871799987740816
1000,122,0.005954788001254201
1000,647,0.028085458000423388
1000,770,0.04727808800060302
1000,553,0.024634401999646796
1000,731,0.04033965600072406
1000,637,0.027669305998133494
1000,262,0.011709209999535232
1000,715,0.03557510400540195
1000,888,0.0545193960017059
1000,393,0.017724715993972497
1000,384,0.017027738000033422
1000,956,0.0600711560016498
1000,648,0.028441706001758577
1000,469,0.02053622800274752
1000,966,0.061538933996343984
1000,692,0.03692916799453087
1000,527,0.023213418006198482
1000,494,0.02156361400615424
1000,352,0.015426799998385832
1000,356,0.01544171400135383
1000,47,0.0013632980000693351
1000,782,0.04970368199748918
1000,983,0.06142045200220309
1000,506,0.022146503996336834
1000,200,0.008497383997309952
1000,964,0.06078385600587353
1000,390,0.01715413000085391
1000,365,0.016247065998613835
1000,486,0.021658981998916714
1000,5,6.57580012921244e-05
1000,271,0.012469693997409194
1000,702,0.03510555799701251
1000,653,0.03362341800471768
1000,951,0.06035171799594537
1000,761,0.04622430600342341
1000,69,0.0026576800050679594
1000,746,0.04054771999712102
1000,960,0.06095238199923188
1000,691,0.036858583997236564
1000,767,0.05005439199972898
1000,48,0.0018452380015514791
1000,213,0.011883859997615218
1000,745,0.04160557000548579
1000,275,0.011539384005591274
1000,82,0.003144683997379616
1000,616,0.027733502000337466
1000,363,0.015971448001218958
1000,451,0.020602701995521784
1000,759,0.045897132004611194
1000,717,0.03596108999918215
1000,621,0.026766994002973662
1000,198,0.009417682003695518
1000,209,0.009263445999240503
1000,818,0.04993993999552913
1000,863,0.05276308400090784
1000,837,0.0485206860001199
1000,482,0.021454959996044635
1000,521,0.026069992000702768
1000,756,0.04907365399529226
1000,491,0.023653301999438554
1000,559,0.02644646399654448
1000,154,0.00831521200714633
1000,911,0.0623629200074356
1000,422,0.021423796002054588
1000,848,0.05470201000222005
1000,898,0.059522280005039646
1000,180,0.010859094001352787
1000,764,0.04942292799823918
1000,40,0.0018447719991672785
1000,136,0.009251679995795712
1000,183,0.012261897999560461
1000,135,0.00884220200125128
1000,195,0.013828834000742063
1000,858,0.059650321998633446
1000,61,0.003089971997542307
1000,443,0.025098134008003398
1000,218,0.015447127999505029
1000,687,0.04361788399517536
1000,128,0.00746003600070253
1000,340,0.01974322200519964
1000,803,0.05495663200039416
1000,600,0.03014136599842459
1000,755,0.05001455600140616
1000,551,0.02729192600469105
1000,433,0.0225862059998326
1000,519,0.025630133997183294
1000,853,0.05982752799871378
1000,163,0.010308240000158548
1000,68,0.004469129990320652
1000,110,0.007991803998593242
1000,385,0.022393905996577815
1000,881,0.0628352019994054
1000,638,0.033953990002628415
1000,513,0.02603878200170584
1000,882,0.06069280399591662
1000,193,0.012791539996396751
1000,425,0.02199499600334093
1000,779,0.05471291599678807
1000,641,0.03421955599449575
1000,758,0.05122221199679188
1000,476,0.024820239995606244
1000,677,0.038593829995952546
1000,273,0.017381448002997787
1000,757,0.04899947600322776
1000,217,0.012757098003057764
1000,978,0.0678868319967296
1000,255,0.014912216004449873
1000,671,0.039822499997681005
1000,793,0.05368476199568249
1000,101,0.005630798001075164
1000,942,0.06640063599916175
1000,640,0.032285812003538014
1000,386,0.019466334002790974
1000,557,0.029106565997935832
1000,589,0.030103129997150972
1000,92,0.005167532000923529
1000,354,0.019230382004752754
1000,681,0.03943670199601911
1000,114,0.007369228004245087
1000,679,0.03908474400290288
1000,680,0.040933913999469954
1000,211,0.014185424001188949
1000,821,0.05435913200606592
1000,173,0.01104825999122113
1000,934,0.06677944000111893
1000,766,0.05228018400259316
1000,949,0.06594880400341935
1000,733,0.042946416003396735
1000,133,0.007839932002825662
1000,72,0.004008013997226953
1000,45,0.002556345998309553
1000,120,0.007158713999669999
1000,168,0.01135028799646534
1000,408,0.02160012599779293
1000,97,0.005814843999687582
1000,857,0.05791950999759138
1000,107,0.006756664003478363
1000,74,0.0045181779994163665
1000,225,0.014810954001732171
1000,628,0.03187562000588514
1000,29,0.0009751580038573593
1000,688,0.04121522599598393
1000,864,0.0587628919922281
1000,778,0.05369406400131993
1000,913,0.061433359998045486
1000,868,0.058625918000470845
1000,906,0.06201874400139786
1000,165,0.009941464001312851
1000,442,0.024932606000220403
1000,987,0.06889701399835758
1000,130,0.006124340004753322
1000,709,0.038513580004218964
1000,282,0.015861859997967256
1000,799,0.057237711997004226
1000,380,0.02147728400072083
1000,959,0.07018208400346339
1000,156,0.009543709998251871
1000,974,0.0699474580027163
1000,883,0.05842104200390168
1000,119,0.0064499040029477326
1000,428,0.024005643997807056
1000,695,0.042451189996209
1000,236,0.014177589999744668
1000,313,0.01810727399890311
1000,984,0.06800562000251376
1000,902,0.061441943997051565
1000,668,0.03781512000248768
1000,893,0.06072252200101502
1000,64,0.0038569779973477124
1000,417,0.02183970200130716
1000,583,0.03019125200342387
1000,375,0.018580589991761372
1000,32,0.0012191739957779647
1000,208,0.014038556000450626
1000,199,0.013371808000374585
1000,581,0.03055841999943368
1000,664,0.03965665599447675
1000,155,0.009397302005672827
1000,849,0.05689123000018299
1000,289,0.016064916000468655
1000,615,0.031214303998276592
1000,879,0.06234710599761456
1000,240,0.016303071998991073
1000,860,0.05827781799715012
1000,990,0.06847909599891863
1000,813,0.053307237999979405
1000,561,0.02982994999154471
1000,781,0.051754546000156554
1000,266,0.015606008002068848
1000,495,0.026085885994834825
1000,186,0.014266292004613206
1000,646,0.03556955799343996
1000,455,0.022470038002356887
1000,470,0.024228434005053714
1000,651,0.037524981999304145
1000,100,0.006562366002472117
1000,652,0.038437467998592184
1000,808,0.05628557200776413
1000,582,0.03002798800240271
1000,840,0.05750392000307329
1000,820,0.05566979000228457
1000,606,0.031066322001861407
1000,979,0.07591733999899589
1000,461,0.024439929998479784
1000,805,0.05286616599769332
1000,382,0.019723829994909466
1000,343,0.017852689997525886
1000,856,0.05745455599972047
1000,232,0.013296823997516185
1000,892,0.0595595739944838
1000,263,0.016509638002607973
1000,18,0.0005691040027886629
1000,536,0.02859886800288223
1000,219,0.012746503999223932
1000,743,0.04445959599805065
1000,329,0.017236520001897588
1000,656,0.03749877800815739
1000,85,0.005944757994730026
1000,549,0.029464069997193292
1000,558,0.028569792007328943
1000,972,0.06867953599779866
1000,86,0.0037927439925260842
1000,15,0.0003602599981240928
1000,295,0.018819061999674886
1000,546,0.027800735995406285
1000,967,0.06691678599920124
1000,846,0.05601562800002284
1000,874,0.05901084600016475
1000,771,0.05044082199689001
1000,28,0.0009472140029538423
1000,703,0.0413092680007685
1000,706,0.03912571800756268
1000,44,0.0014888280059676617
1000,576,0.02989548800396733
1000,939,0.06542983799939975
1000,548,0.027853794002439827
1000,20,0.0006657759973313659
1000,915,0.06424039999837987
1000,532,0.0282056579971686
1000,704,0.03902344400063157
1000,468,0.024164636007044465
1000,965,0.0686320880020503
1000,851,0.05754457000410184
1000,181,0.012054940003436059
1000,511,0.026826344004366547
1000,517,0.02525958200218156
1000,420,0.022130848000524565
1000,176,0.011349217998795211
1000,360,0.018558327994542198
1000,66,0.0041584460064768795
1000,248,0.01530000000144355
1000,992,0.06901854000403546
1000,310,0.016913510002195833
1000,683,0.03807397199678235
1000,421,0.022416379997739568
1000,769,0.050281510003842414
1000,721,0.04322386999847368
1000,349,0.018827996000181882
1000,895,0.06462333199917339
1000,215,0.014876960002584382
1000,499,0.026971208001486956
1000,739,0.04593273799750022
1000,448,0.022646944004809485
1000,201,0.013775109996786342
1000,430,0.024190687999362127
1000,655,0.037933874006848785
1000,260,0.014748490002239123
1000,957,0.06619088999927043
1000,383,0.020835111999185755
1000,277,0.015029812001157552
1000,544,0.026804799997480585
1000,775,0.052043523997999726
1000,839,0.05864406999666244
1000,649,0.03358135999413207
1000,801,0.05408380000269972
1000,875,0.060186838001245635
1000,305,0.01737761600059457
1000,83,0.0044492039980832485
1000,819,0.056477675997884946
1000,811,0.05470456200418994
1000,35,0.0011829880008008332
1000,317,0.01681837599724531
1000,166,0.011558891999302432
1000,826,0.0573767540010158
1000,358,0.01979612399591133
1000,916,0.06297397000249476
1000,699,0.037294724000385034
1000,250,0.015625512000406162
1000,26,0.0009625100041739643
1000,172,0.012682157999370247
1000,314,0.018370622004149482
1000,319,0.017548324001254514
1000,449,0.023988483995199202
1000,780,0.055422948001651096
1000,81,0.005061758003430441
1000,711,0.038549266001209614
1000,411,0.021660098000429572
1000,355,0.01806361799943261
1000,397,0.020829820001963525
1000,830,0.05603364799986593
1000,760,0.05240064999903552
1000,619,0.03237435200135223
1000,540,0.026730467999586834
1000,434,0.02344462599721737
1000,784,0.052159098000265657
1000,105,0.006043602002318948
1000,986,0.07028260600287467
1000,631,0.03172787399496883
1000,998,0.0684266419976484
1000,850,0.056242508003488186
1000,387,0.02027597199543379
1000,16,0.0005356799997389317
1000,145,0.012400079999351873
1000,564,0.03035043800016865
1000,726,0.04383385799708776
1000,928,0.06648101000115275
1000,693,0.04056545200292021
1000,578,0.029296716005774215
1000,207,0.0130118979990948
1000,31,0.0009850159985944629
1000,369,0.021348725996213035
1000,242,0.017453031997429206
1000,361,0.018679440004052594
1000,320,0.017539597994182258
1000,754,0.05226692799828015
1000,125,0.0071073060017079115
1000,701,0.04042674000142142
1000,552,0.02780249999719672
1000,605,0.0303212820016779
1000,841,0.05457098600338213
1000,550,0.028612753998022527
1000,79,0.00522812400246039
1000,804,0.057428502001566815
1000,720,0.04387160999351181
1000,131,0.006171954000601545
1000,98,0.005255632003536448
1000,694,0.04118165600113571
1000,389,0.020706969993188978
1000,121,0.011121745993150398
1000,50,0.004683026000857353
1000,537,0.036048864000476896
1000,570,0.030317544001154603
1000,866,0.05716852399986237
1000,115,0.0051804840040858835
1000,639,0.033770413999445734
1000,712,0.04114849400124512
1000,725,0.041123265996575356
1000,629,0.032275099999969824
1000,597,0.030401523999171332
1000,269,0.015164808001136407
1000,768,0.04991467999760062
1000,368,0.020061238006455824
1000,690,0.04075879599316977
1000,12,0.00031149399699643255
1000,748,0.04347394000506029
1000,226,0.016234008001629264
1000,588,0.029945598000194876
1000,747,0.04286083600134589
1000,123,0.0056627619988285005
1000,516,0.026213420000858606
1000,229,0.01373911599861458
1000,574,0.02892335600219667
1000,618,0.031181867996929215
1000,825,0.05360924600157887
1000,855,0.056799522000364956
1000,938,0.0629616020002868
1000,190,0.011660051998915151
1000,735,0.04550339200068265
1000,299,0.016631212003994734
1000,42,0.0015022899955511094
1000,437,0.02391363599221222
1000,234,0.01570460799499415
1000,318,0.016397529995301738
1000,946,0.06445287799229846
1000,924,0.061957856004592034
1000,309,0.016168904000660404
1000,444,0.02372863599797711
1000,976,0.0671461720042862
1000,265,0.016449328000890093
1000,272,0.015134213999845087
1000,773,0.050489984004525465
1000,568,0.029423829994630068
1000,587,0.02983556199935265
1000,445,0.023705176002113148
1000,438,0.023688813999760895
1000,492,0.026086654004175217
1000,626,0.03183569600223564
1000,958,0.06562171999830753
1000,873,0.057500104000791905
1000,1000,0.06776415799860842
1000,252,0.016243438000092283
1000,481,0.024403945995727552
1000,378,0.02000840000808239
1000,415,0.0224461739952676
1000,179,0.013155069994973019
1000,867,0.055662621998926624
1000,727,0.042318851999007166
1000,897,0.059076326002832504
1000,634,0.03346888000727631
1000,854,0.05604995399829932
1000,796,0.05250813199672848
1000,379,0.019879948002053425
1000,19,0.0006452000036370009
1000,53,0.0034249939979054036
1000,410,0.024108371996553614
1000,484,0.02513932200265117
1000,251,0.01638410599436611
1000,658,0.036867453994927926
1000,930,0.06252796799875796
1000,742,0.044086950002238154
1000,789,0.05313582599628717
1000,21,0.0007459460047539323
1000,539,0.028339296001940965
1000,734,0.04584870199556462
1000,601,0.029971064002020285
1000,10,0.00020085599506273867
1000,167,0.011486767994938418
1000,227,0.014203626002417877
1000,975,0.06898722200305202
1000,326,0.01711253000656143
1000,404,0.020474352005403488
1000,487,0.025147912002867086
1000,594,0.03001757399761118
1000,723,0.042755767997587096
1000,590,0.030517464007716627
1000,650,0.033928713997593146
1000,896,0.060131620002212005
1000,447,0.023590293996967375
1000,283,0.0163663339917548
1000,465,0.025031102002831176
1000,497,0.025390553993638605
1000,189,0.01156972799450159
1000,920,0.061440438000718134
1000,332,0.017546115997247397
1000,493,0.025594120001187548
1000,722,0.04189925800310448
1000,348,0.017978839999996124
1000,510,0.026377748005324976
1000,812,0.05344771800329909
1000,205,0.014356388002634049
1000,149,0.00813179800286889
1000,678,0.03889729799935594
1000,102,0.006616441999794915
1000,106,0.0070919819979462775
1000,339,0.018680989999556915
1000,407,0.020943655997980384
1000,331,0.016690024002455176
1000,338,0.017266844001132996
1000,505,0.02515469800098799
1000,132,0.008371589995222166
1000,798,0.0519571220013313
1000,367,0.018527342000743373
1000,17,0.0006479560001753271
1000,525,0.02924348000669852
1000,89,0.005555939996847883
1000,814,0.05343165399855934
1000,705,0.037403475998435166
1000,833,0.05377942800405435
1000,697,0.03734692000434734
1000,431,0.022893712000222877
1000,509,0.026902228005928917
1000,13,0.0003707920026499778
1000,598,0.031751004001125696
1000,991,0.06907671199878677
1000,602,0.031729594001080844
1000,473,0.024292482001474127
1000,523,0.026129668009234594
1000,274,0.01583583199419081
1000,667,0.036666125995107
1000,806,0.053352549999253825
1000,409,0.021088694002246486
1000,303,0.01663888799957931
1000,333,0.018495791997993366
1000,870,0.057396045996574684
1000,230,0.014199365999083967
1000,973,0.06493947800016031
1000,391,0.019314770000055433
1000,290,0.015521810005884618
1000,724,0.044486342000309376
1000,152,0.008606951996916905
1000,350,0.019027662001317367
1000,554,0.030679569996427746
1000,772,0.0493612359999679
1000,488,0.024785010003251954
1000,126,0.007700078001944348
1000,392,0.020908378000603987
1000,763,0.048615048003848645
1000,838,0.05558658199966885
1000,970,0.06662896600202657
1000,435,0.02294722800143063
1000,508,0.027068647999549285
1000,477,0.024943498000502586
1000,140,0.008212679998250679
1000,43,0.0023087799991481006
1000,427,0.023608740002382545
1000,341,0.018110803999006747
1000,467,0.023851655999897046
1000,980,0.06721440599882043
1000,617,0.032478762007085604
1000,922,0.06134760799817741
1000,276,0.015636659999145194
1000,952,0.06386791200144216
1000,188,0.01319749999907799
1000,584,0.029587922000791876
1000,462,0.023904694002121685
1000,852,0.056308831988135355
1000,996,0.06823806600063108
1000,306,0.016367624001577496
1000,802,0.05312435800326057
1000,76,0.004086331998696551
1000,464,0.025082073997473343
1000,611,0.03038498600013554
1000,300,0.014837985993362963
1000,988,0.06718540400150232
1000,161,0.009717096000676974
1000,304,0.017186053997138514
1000,478,0.02548364200047217
1000,953,0.06424998799804599
1000,530,0.026895122004207225
1000,999,0.06751961599919014
1000,359,0.018801186005584895
1000,791,0.051823726003058256
1000,644,0.031984611999941986
1000,291,0.015859094001352787
1000,607,0.030912894000066443
1000,239,0.015245528001105412
1000,398,0.0201561700028833
1000,185,0.011201724000275136
1000,30,0.0009975879988633096
1000,243,0.016638802005909382
1000,686,0.03879168399958871
1000,187,0.012170598006341606
1000,585,0.028454709996003656
1000,14,0.00030900599784217776
1000,955,0.06644831599784083
1000,63,0.003184053992154077
1000,77,0.004255602000048384
1000,147,0.009939431998645887
1000,233,0.01512015400105156
1000,543,0.027871215998893605
1000,345,0.017655331999994816
1000,311,0.019065080002183096
1000,907,0.05977318000048399
1000,962,0.06540215399698354
1000,70,0.004924405995989218
1000,749,0.04389481400256045
1000,623,0.032684983998769894
1000,254,0.015559406002284958
1000,440,0.022520321996416896
1000,284,0.015321181996259838
1000,661,0.03578606600058265
1000,184,0.013146264002425596
1000,399,0.021616313999984413
1000,8,0.00015172600047662853
1000,815,0.05366308800294064
1000,871,0.05633867000578903
1000,308,0.01762861600262113
1000,256,0.016202694000676275
1000,847,0.058598206004826354
1000,62,0.003285909997066483
1000,817,0.05403150199796073
1000,364,0.01957025400130078
1000,90,0.00482139200437814
1000,222,0.015181735992664471
1000,395,0.019887718005338683
1000,989,0.0670184839994181
1000,202,0.013466824000934139
1000,843,0.054592798001831394
1000,51,0.0021896359976381063
1000,501,0.027548659995663912
1000,670,0.037598760006949304
1000,572,0.02891081399633549
1000,620,0.030613077996531502
1000,569,0.02965738000231795
1000,977,0.06546493400121108
1000,316,0.016722502000629903
1000,993,0.06819650599383749
1000,91,0.004382746000774204
1000,609,0.03179729200550355
1000,57,0.003652409997303039
1000,231,0.014093451999360695
1000,182,0.013417603997513652
1000,676,0.039500469997292384
1000,542,0.02808859199867584
1000,788,0.05108453801018186
1000,376,0.02001807599910535
1000,324,0.01660938800079748
1000,472,0.02400395199772902
1000,880,0.059300487998407335
1000,707,0.03661265600239858
1000,298,0.01743808400235139
1000,204,0.013992033990798519
1000,904,0.0590444860025309
1000,608,0.02958845400135033
1000,917,0.060740343999350445
1000,903,0.058320229997625574
1000,347,0.018352579998318106
1000,884,0.05786213400308043
1000,7,0.0001751200028229505
1000,278,0.01705733000067994
1000,926,0.06232785799540579
1000,342,0.018681510001188145
1000,405,0.021122357996646315
1000,138,0.009429571997607127
1000,560,0.029276021998375656
1000,111,0.006938617995474488
1000,954,0.06461879999260418
1000,129,0.006069775999058038
1000,816,0.052822267999872566
1000,580,0.029578031999990345
1000,919,0.06124284000135958
1000,334,0.017574233999475837
1000,498,0.025782723997253926
1000,261,0.016743304001865907
1000,627,0.03195571599644609
1000,475,0.024909421999473123
1000,945,0.0635327619954478
1000,613,0.03098088200436905
1000,88,0.004851377998711541
1000,752,0.04457323199603706
1000,116,0.00582417799741961
1000,528,0.02776555799646303
1000,95,0.004990787998540327
1000,413,0.02230819799704477
1000,936,0.06268885999685153
1000,932,0.06256496000336483
1000,674,0.03818599400343373
1000,654,0.03519129799795337
1000,104,0.006201935998396948
1000,249,0.01651390200131573
1000,901,0.05963141399784945
1000,150,0.007491742003476247
1000,144,0.007101943998131901
1000,753,0.044318782001500946
1000,414,0.02211801000055857
1000,889,0.0580178160010837
1000,662,0.03671497799921781
1000,206,0.012257746000541374
1000,921,0.06168675599852577
1000,394,0.021139302003430203
1000,950,0.06433917600312271
1000,6,0.0001310439989902079
1000,454,0.023934465994825585
1000,96,0.006377497994108126
1000,865,0.05726091999909841
1000,228,0.013808984002098441
1000,142,0.0072056079946924
1000,593,0.03136641800287179
1000,738,0.04413209200021811
1000,776,0.05139380600186996
1000,403,0.020357751997653394
1000,302,0.016429368004901336
1000,710,0.03899778799852356
1000,3,8.8546002516523e-05
1000,665,0.03588601800613105
1000,321,0.016533008001279086
1000,148,0.007627439999487251
1000,118,0.00756759200245142
1000,162,0.0106080120021943
1000,191,0.013515525999246165
1000,834,0.05474066600669175
1000,344,0.01808641600073315
1000,439,0.022969077996676787
1000,526,0.02788091800059192
1000,281,0.014909267999464647
1000,253,0.017929498001467436
1000,514,0.027157934000715613
1000,124,0.007676715997513383
1000,905,0.06026540199993178
1000,923,0.06064965399331413
1000,59,0.0044618520024232566
1000,337,0.018719008003827184
1000,556,0.029716048000846058
1000,522,0.027204002004582437
1000,39,0.001980643995339051
1000,436,0.02391027200501412
1000,831,0.05526166199706495
1000,287,0.016166467999573796
1000,822,0.05351567199919373
1000,660,0.03680620200000703
1000,862,0.05747704399982467
1000,483,0.02430584399611689
1000,515,0.025758598003303632
1000,751,0.04497797400224954
1000,426,0.02258098600199446
1000,480,0.02476805999642238
1000,774,0.05143408800475299
1000,657,0.03676853399956599
1000,237,0.01543798999977298
1000,927,0.0633785280014854
1000,985,0.06709110000170768
1000,489,0.02539243199978955
1000,595,0.029584212003974243
1000,777,0.05129527000361122
1000,765,0.04873836199869402
1000,728,0.04443194599822164
1000,859,0.05721678600064479
1000,75,0.0037995160068385304
1000,223,0.01662642399664037
1000,127,0.008441235998179763
1000,566,0.030461734000127763
1000,592,0.03051625000196509
1000,783,0.05354387800209224
1000,241,0.01493937599589117
1000,285,0.01755211999756284
1000,259,0.01490774399950169
1000,547,0.028950031999265775
1000,325,0.016315448004752396
1000,220,0.01394255000166595
1000,25,0.0008083379967138171
1000,56,0.003946449998766184
1000,108,0.008175678001716733
1000,944,0.06272618799936026
1000,450,0.02433928199694492
1000,894,0.05876349199330434
1000,268,0.015868292002705855
1000,535,0.027432670000707732
1000,785,0.05139895399333909
1000,67,0.003095116000622511
1000,899,0.059889041995629666
1000,419,0.021483549997210503
1000,197,0.013738622001837938
1000,257,0.016011218001367525
1000,418,0.02230231199413538
1000,286,0.01652619200060144
1000,669,0.036634984005941076
1000,541,0.028455115999095143
1000,786,0.05140981800272129
1000,937,0.06285972999990917
1000,708,0.0374677720060572
1000,910,0.060240236000390725
1000,113,0.00654901800211519
1000,323,0.017354915995383635
1000,744,0.043626333998981866
1000,49,0.0028144060028716922
1000,630,0.03418251799885184
1000,336,0.017953315996564925
1000,625,0.032499048000900074
1000,675,0.037486528002191336
1000,371,0.019103804003680124
1000,175,0.011645185998640955
1000,520,0.02681484800414182
1000,370,0.02038973200134933
1000,424,0.023040737997507676
1000,809,0.05330767000443302
1000,60,0.003101715997327119
1000,790,0.053264074001926925
1000,485,0.024203957992140205
1000,635,0.032145319996634496
1000,99,0.0065572199947200715
1000,610,0.031886705997167156
1000,931,0.06153213200159371
1000,479,0.025068192000035197
1000,294,0.016286097993142904
1000,366,0.0202314760023728
1000,877,0.05715321399620734
1000,401,0.02163071200135164
1000,643,0.03312389599974267
1000,795,0.0517557559965644
1000,872,0.05727583999629132
1000,270,0.014905941998586058
1000,71,0.004124233999755233
1000,160,0.011322341999039054
1000,762,0.048752893996424976
1000,672,0.036519171996042134
1000,170,0.010507304003695025
1000,471,0.02503164599998854
1000,878,0.056691976002184674
1000,52,0.002692437999648973
1000,685,0.03918618799885735
1000,943,0.06459250999614596
1000,84,0.0047489720024168494
1000,169,0.010874082004884258
1000,474,0.02489945199806243
1000,900,0.05973799200146459
1000,1,5.649999948218465e-05
1000,423,0.02236178600578569
1000,194,0.010855353999650106
1000,807,0.051783251996384935
1000,891,0.059740089995320884
1000,457,0.023386818002909423
1000,632,0.03229010800248943
1000,890,0.05961955399834551
1000,134,0.006175910006277263
1000,315,0.01676383799989708
1000,533,0.027956006004242227
1000,377,0.020148029997944832
1000,518,0.027614051998825745
1000,925,0.06205982799641788
1000,412,0.0215561639983207
1000,562,0.02896232799626887
1000,54,0.002681519999168813
1000,137,0.008857412004144862
1000,940,0.06337751799961552
1000,353,0.018000510002020745
1000,575,0.02827523000189103
1000,886,0.0596050600009039
1000,351,0.018021972002461552
1000,36,0.0012511220050510018
1000,534,0.028552936002379282
1000,914,0.06139906000113115
1000,34,0.0013131659955251962
1000,267,0.01786950399982743
1000,143,0.008509298003045842
1000,842,0.055040568003896624
1000,103,0.006658997997874394
1000,832,0.05382301599951461
1000,666,0.038369910001056266
1000,402,0.020436441998463124
1000,876,0.059090826001483944
1000,33,0.0014678779954556377
1000,496,0.025492404005490243
1000,406,0.02083622000180185
1000,555,0.028126379997702317
1000,835,0.055404706000117585
1000,330,0.018370588002726437
1000,280,0.016192248004954307
1000,441,0.02336123799905181
1000,529,0.02650665200664662
1000,446,0.024020960000343622
1000,736,0.0426657780027017
1000,645,0.03184928000089712
1000,741,0.04527094000019133
1000,192,0.011351334005594254
1000,327,0.018067758004181086
1000,824,0.05277720200247131
1000,178,0.012353104004869237
1000,238,0.018030674002366142
1000,214,0.013343951998976991
1000,531,0.027711935993283986
1000,869,0.05675227799918502
1000,947,0.06453993599629029
1000,247,0.01600782200577669
1000,829,0.053465539996977895
1000,221,0.01473789000301622
1000,596,0.030717693995684386
1000,453,0.024032258003717288
1000,335,0.018463287996128203
1000,22,0.0007603479980025441
1000,642,0.033838116005063056
1000,567,0.028399191998178138
1000,151,0.008598518002545462
1000,4,6.706199841573835e-05
1000,65,0.004529802000615746
1000,659,0.037058895996306095
1000,740,0.04488749400363304
1000,456,0.023507669998798518
1000,258,0.015168653997825458
1000,292,0.01606661400059238
1000,159,0.010474291999125853
1000,139,0.00844806800596416
1000,933,0.06256328200222924
1000,716,0.03897835399839096
1000,737,0.043336537999566646
1000,982,0.06665229600504972
1000,196,0.014099384003784507
1000,346,0.0190910199994687
1000,729,0.043461776000913235
1000,502,0.026022108003962784
1000,235,0.015320686000632123
1000,174,0.012790030003525316
1000,689,0.04026383999385871
1000,836,0.054952843999490145
1000,93,0.004167695998912677
1000,935,0.061615556003525855
1000,827,0.05461920199566521
1000,373,0.01914099799701944
1000,374,0.019582127997418864
1000,452,0.023696466002147646
1000,73,0.004711823997786269
1000,612,0.031779127998743203
1000,23,0.0008004519995301962
1000,11,0.00017428999883122742
1000,279,0.017613513998221607
1000,586,0.030898275995859877
1000,27,0.0008399879967328161
1000,463,0.025075437997002153
1000,579,0.028890839987434448
1000,293,0.015916645997203886
1000,714,0.040203928000992165
1000,157,0.008807897996157409
1000,718,0.039130190007854254
1000,372,0.01881681600236334
1000,682,0.03939587400178425
1000,416,0.021441398003371432
1000,117,0.008587246000533923
1000,971,0.06439163400093094
1000,524,0.02899936000467278
1000,504,0.026280541997402908
1000,719,0.03900425999658182
1000,58,0.00404983599903062
1000,153,0.008683957998873665
1000,164,0.009869267992908135
1000,264,0.01597358799423091
1000,700,0.037998932002810765
1000,750,0.045748294000513855
1000,828,0.05279444999643602
1000,24,0.0008970200025942177
1000,212,0.014417043997673318
1000,158,0.010534749999642372
1000,244,0.0164722860022448
1000,312,0.016399459997192025
1000,994,0.0691629580000881
1000,995,0.06610328200156801
1000,997,0.06714266399852932
1000,2,6.59059954341501e-05
1000,381,0.022920827999478206
1000,599,0.02984593000379391
1000,622,0.03304987399838865
1000,490,0.025564836000557988
1000,577,0.029371605998603625
1000,797,0.05309476600610651
1000,968,0.06486068000085651
1000,210,0.013289945998694748
1000,624,0.032130644000135364
1000,466,0.02542509000515565
1000,55,0.002725129999453202
1000,604,0.03137968999682925
1000,636,0.032416455999482424
1000,565,0.028131497998256236
1000,458,0.02399572599795647
1000,216,0.013309459997108206
1000,885,0.057152729999506845
1000,9,0.0003031280043069273
1000,177,0.012255948001984507
1000,112,0.007413844001712277
